INSERT OR IGNORE INTO Types 
       (Type,                              Kind) 
VALUES ('TRAIT_NYGUITA_ARGENTINA_ABILITY', 'KIND_TRAIT');

INSERT OR IGNORE INTO Civilizations 
       (CivilizationType,                 Adjective,                                      CapitalName,                                      Description,                                      FullName,                                       Name,                                      StartingCivilizationLevelType, UniqueCultureProgressionTree, RandomCityNameDepth, ApexAge) 
VALUES ('CIVILIZATION_NYGUITA_ARGENTINA', 'LOC_CIVILIZATION_NYGUITA_ARGENTINA_ADJECTIVE', 'LOC_CIVILIZATION_NYGUITA_ARGENTINA_CITY_NAME_0', 'LOC_CIVILIZATION_NYGUITA_ARGENTINA_DESCRIPTION', 'LOC_CIVILIZATION_NYGUITA_ARGENTINA_FULL_NAME', 'LOC_CIVILIZATION_NYGUITA_ARGENTINA_NAME', 'CIVILIZATION_LEVEL_FULL_CIV', 'TREE_NYGUITA_ARGENTINA', '10', 'AGE_MODERN');

INSERT INTO CivilizationFavoredWonders
       (CivilizationType, FavoredWonderType, FavoredWonderName)
VALUES ('CIVILIZATION_NYGUITA_ARGENTINA', 'WONDER_NYGUITA_PALACIO_BAROLO', 'LOC_WONDER_NYGUITA_PALACIO_BAROLO_NAME');

INSERT OR IGNORE INTO Traits 
       (TraitType,                         Description,                                       Name,                                       InternalOnly) 
VALUES ('TRAIT_NYGUITA_ARGENTINA_ABILITY', 'LOC_TRAIT_NYGUITA_ARGENTINA_ABILITY_DESCRIPTION', 'LOC_TRAIT_NYGUITA_ARGENTINA_ABILITY_NAME', 1);

INSERT OR IGNORE INTO CivilizationTraits 
        (CivilizationType,                 TraitType) 
VALUES  ('CIVILIZATION_NYGUITA_ARGENTINA', 'TRAIT_NYGUITA_ARGENTINA'),
        ('CIVILIZATION_NYGUITA_ARGENTINA', 'TRAIT_NYGUITA_ARGENTINA_ABILITY'),
        ('CIVILIZATION_NYGUITA_ARGENTINA', 'TRAIT_MODERN_CIV'),
        ('CIVILIZATION_NYGUITA_ARGENTINA', 'TRAIT_ATTRIBUTE_ECONOMIC'),
        ('CIVILIZATION_NYGUITA_ARGENTINA', 'TRAIT_ATTRIBUTE_ECONOMIC_TOT_AQ'),
        ('CIVILIZATION_NYGUITA_ARGENTINA', 'TRAIT_ATTRIBUTE_ECONOMIC_TOT_EX'),
        ('CIVILIZATION_NYGUITA_ARGENTINA', 'TRAIT_ATTRIBUTE_EXPANSIONIST'),
        ('CIVILIZATION_NYGUITA_ARGENTINA', 'TRAIT_ATTRIBUTE_EXPANSIONIST_WIDE'),
        ('CIVILIZATION_NYGUITA_ARGENTINA', 'TRAIT_ATTRIBUTE_EXPANSIONIST_TOT_AQ'),
        ('CIVILIZATION_NYGUITA_ARGENTINA', 'TRAIT_ATTRIBUTE_EXPANSIONIST_TOT_AQ_WIDE'),
        ('CIVILIZATION_NYGUITA_ARGENTINA', 'TRAIT_ATTRIBUTE_EXPANSIONIST_TOT_EX'),
        ('CIVILIZATION_NYGUITA_ARGENTINA', 'TRAIT_ATTRIBUTE_EXPANSIONIST_TOT_EX_WIDE');

INSERT OR IGNORE INTO LeaderCivPriorities
       (Leader,             Civilization,                      Priority)
VALUES ('LEADER_PACHACUTI', 'CIVILIZATION_NYGUITA_ARGENTINA',  3),
       ('LEADER_ISABELLA',  'CIVILIZATION_NYGUITA_ARGENTINA',  3),
       ('LEADER_AMINA',     'CIVILIZATION_NYGUITA_ARGENTINA',  1),
       ('LEADER_MACHIAVELLI',  'CIVILIZATION_NYGUITA_ARGENTINA',  1),
       ('LEADER_JOSE_RIZAL',  'CIVILIZATION_NYGUITA_ARGENTINA',  1);

INSERT INTO CityNames
       (CivilizationType,   CityName)
VALUES ('CIVILIZATION_NYGUITA_ARGENTINA', 'LOC_CIVILIZATION_NYGUITA_ARGENTINA_CITY_NAME_0'),
       ('CIVILIZATION_NYGUITA_ARGENTINA', 'LOC_CIVILIZATION_NYGUITA_ARGENTINA_CITY_NAME_1'),
       ('CIVILIZATION_NYGUITA_ARGENTINA', 'LOC_CIVILIZATION_NYGUITA_ARGENTINA_CITY_NAME_2'),
       ('CIVILIZATION_NYGUITA_ARGENTINA', 'LOC_CIVILIZATION_NYGUITA_ARGENTINA_CITY_NAME_3'),
       ('CIVILIZATION_NYGUITA_ARGENTINA', 'LOC_CIVILIZATION_NYGUITA_ARGENTINA_CITY_NAME_4'),
       ('CIVILIZATION_NYGUITA_ARGENTINA', 'LOC_CIVILIZATION_NYGUITA_ARGENTINA_CITY_NAME_5'),
       ('CIVILIZATION_NYGUITA_ARGENTINA', 'LOC_CIVILIZATION_NYGUITA_ARGENTINA_CITY_NAME_6'),
       ('CIVILIZATION_NYGUITA_ARGENTINA', 'LOC_CIVILIZATION_NYGUITA_ARGENTINA_CITY_NAME_7'),
       ('CIVILIZATION_NYGUITA_ARGENTINA', 'LOC_CIVILIZATION_NYGUITA_ARGENTINA_CITY_NAME_8'),
       ('CIVILIZATION_NYGUITA_ARGENTINA', 'LOC_CIVILIZATION_NYGUITA_ARGENTINA_CITY_NAME_9'),
       ('CIVILIZATION_NYGUITA_ARGENTINA', 'LOC_CIVILIZATION_NYGUITA_ARGENTINA_CITY_NAME_10'),
       ('CIVILIZATION_NYGUITA_ARGENTINA', 'LOC_CIVILIZATION_NYGUITA_ARGENTINA_CITY_NAME_11'),
       ('CIVILIZATION_NYGUITA_ARGENTINA', 'LOC_CIVILIZATION_NYGUITA_ARGENTINA_CITY_NAME_12'),
       ('CIVILIZATION_NYGUITA_ARGENTINA', 'LOC_CIVILIZATION_NYGUITA_ARGENTINA_CITY_NAME_13'),
       ('CIVILIZATION_NYGUITA_ARGENTINA', 'LOC_CIVILIZATION_NYGUITA_ARGENTINA_CITY_NAME_14'),
       ('CIVILIZATION_NYGUITA_ARGENTINA', 'LOC_CIVILIZATION_NYGUITA_ARGENTINA_CITY_NAME_15'),
       ('CIVILIZATION_NYGUITA_ARGENTINA', 'LOC_CIVILIZATION_NYGUITA_ARGENTINA_CITY_NAME_16'),
       ('CIVILIZATION_NYGUITA_ARGENTINA', 'LOC_CIVILIZATION_NYGUITA_ARGENTINA_CITY_NAME_17'),
       ('CIVILIZATION_NYGUITA_ARGENTINA', 'LOC_CIVILIZATION_NYGUITA_ARGENTINA_CITY_NAME_18'),
       ('CIVILIZATION_NYGUITA_ARGENTINA', 'LOC_CIVILIZATION_NYGUITA_ARGENTINA_CITY_NAME_19'),
       ('CIVILIZATION_NYGUITA_ARGENTINA', 'LOC_CIVILIZATION_NYGUITA_ARGENTINA_CITY_NAME_20'),
       ('CIVILIZATION_NYGUITA_ARGENTINA', 'LOC_CIVILIZATION_NYGUITA_ARGENTINA_CITY_NAME_21'),
       ('CIVILIZATION_NYGUITA_ARGENTINA', 'LOC_CIVILIZATION_NYGUITA_ARGENTINA_CITY_NAME_22'),
       ('CIVILIZATION_NYGUITA_ARGENTINA', 'LOC_CIVILIZATION_NYGUITA_ARGENTINA_CITY_NAME_23'),
       ('CIVILIZATION_NYGUITA_ARGENTINA', 'LOC_CIVILIZATION_NYGUITA_ARGENTINA_CITY_NAME_24'),
       ('CIVILIZATION_NYGUITA_ARGENTINA', 'LOC_CIVILIZATION_NYGUITA_ARGENTINA_CITY_NAME_25'),
       ('CIVILIZATION_NYGUITA_ARGENTINA', 'LOC_CIVILIZATION_NYGUITA_ARGENTINA_CITY_NAME_26'),
       ('CIVILIZATION_NYGUITA_ARGENTINA', 'LOC_CIVILIZATION_NYGUITA_ARGENTINA_CITY_NAME_27'),
       ('CIVILIZATION_NYGUITA_ARGENTINA', 'LOC_CIVILIZATION_NYGUITA_ARGENTINA_CITY_NAME_28'),
       ('CIVILIZATION_NYGUITA_ARGENTINA', 'LOC_CIVILIZATION_NYGUITA_ARGENTINA_CITY_NAME_29'),
       ('CIVILIZATION_NYGUITA_ARGENTINA', 'LOC_CIVILIZATION_NYGUITA_ARGENTINA_CITY_NAME_30'),
       ('CIVILIZATION_NYGUITA_ARGENTINA', 'LOC_CIVILIZATION_NYGUITA_ARGENTINA_CITY_NAME_31'),
       ('CIVILIZATION_NYGUITA_ARGENTINA', 'LOC_CIVILIZATION_NYGUITA_ARGENTINA_CITY_NAME_32'),
       ('CIVILIZATION_NYGUITA_ARGENTINA', 'LOC_CIVILIZATION_NYGUITA_ARGENTINA_CITY_NAME_33'),
       ('CIVILIZATION_NYGUITA_ARGENTINA', 'LOC_CIVILIZATION_NYGUITA_ARGENTINA_CITY_NAME_34'),
       ('CIVILIZATION_NYGUITA_ARGENTINA', 'LOC_CIVILIZATION_NYGUITA_ARGENTINA_CITY_NAME_35'),
       ('CIVILIZATION_NYGUITA_ARGENTINA', 'LOC_CIVILIZATION_NYGUITA_ARGENTINA_CITY_NAME_36'),
       ('CIVILIZATION_NYGUITA_ARGENTINA', 'LOC_CIVILIZATION_NYGUITA_ARGENTINA_CITY_NAME_37'),
       ('CIVILIZATION_NYGUITA_ARGENTINA', 'LOC_CIVILIZATION_NYGUITA_ARGENTINA_CITY_NAME_38'),
       ('CIVILIZATION_NYGUITA_ARGENTINA', 'LOC_CIVILIZATION_NYGUITA_ARGENTINA_CITY_NAME_39'),
       ('CIVILIZATION_NYGUITA_ARGENTINA', 'LOC_CIVILIZATION_NYGUITA_ARGENTINA_CITY_NAME_40'),
       ('CIVILIZATION_NYGUITA_ARGENTINA', 'LOC_CIVILIZATION_NYGUITA_ARGENTINA_CITY_NAME_41'),
       ('CIVILIZATION_NYGUITA_ARGENTINA', 'LOC_CIVILIZATION_NYGUITA_ARGENTINA_CITY_NAME_42'),
       ('CIVILIZATION_NYGUITA_ARGENTINA', 'LOC_CIVILIZATION_NYGUITA_ARGENTINA_CITY_NAME_43'),
       ('CIVILIZATION_NYGUITA_ARGENTINA', 'LOC_CIVILIZATION_NYGUITA_ARGENTINA_CITY_NAME_44'),
       ('CIVILIZATION_NYGUITA_ARGENTINA', 'LOC_CIVILIZATION_NYGUITA_ARGENTINA_CITY_NAME_45'),
       ('CIVILIZATION_NYGUITA_ARGENTINA', 'LOC_CIVILIZATION_NYGUITA_ARGENTINA_CITY_NAME_46');

INSERT OR IGNORE INTO StartBiasAdjacentToCoasts 
       (CivilizationType,                 Score) 
VALUES ('CIVILIZATION_NYGUITA_ARGENTINA', 20);

INSERT OR IGNORE INTO StartBiasBiomes 
       (CivilizationType,                 BiomeType,      Score) 
VALUES ('CIVILIZATION_NYGUITA_ARGENTINA', 'BIOME_PLAINS', 15),
       ('CIVILIZATION_NYGUITA_ARGENTINA', 'BIOME_TUNDRA', 5);

INSERT OR IGNORE INTO StartBiasResources 
       (CivilizationType,                 ResourceType,      Score) 
VALUES ('CIVILIZATION_NYGUITA_ARGENTINA', 'RESOURCE_LLAMAS', 5),
       ('CIVILIZATION_NYGUITA_ARGENTINA', 'RESOURCE_SILVER', 5);


INSERT OR IGNORE INTO VisArt_CivilizationBuildingCultures 
       (CivilizationType,                 BuildingCulture) 
VALUES ('CIVILIZATION_NYGUITA_ARGENTINA', 'BUILDING_CULTURE_SAM'),
        ('CIVILIZATION_NYGUITA_ARGENTINA', 'BUILDING_CULTURE_SAM_ANT'),
        ('CIVILIZATION_NYGUITA_ARGENTINA', 'BUILDING_CULTURE_MED_EXP'),
        ('CIVILIZATION_NYGUITA_ARGENTINA', 'BUILDING_CULTURE_SAM_MOD'),
        ('CIVILIZATION_NYGUITA_ARGENTINA', 'ANT_STONE'),
        ('CIVILIZATION_NYGUITA_ARGENTINA', 'EXP_STONE'),
        ('CIVILIZATION_NYGUITA_ARGENTINA', 'MOD_STONE');

INSERT OR IGNORE INTO VisArt_CivilizationUnitCultures 
       (CivilizationType,                 UnitCulture) 
VALUES ('CIVILIZATION_NYGUITA_ARGENTINA', 'SAmer');


INSERT OR IGNORE INTO AiListTypes 
       	(ListType) 
VALUES 	('Nyguita Argentina Unit Biases'),
		('Nyguita Argentina Constructibles Biases'),
		('Nyguita Argentina Pseudoyields Biases'),
		('Nyguita Argentina Tag Biases'),
		('Nyguita Argentina Settlement Plot Evaluations');

INSERT OR IGNORE INTO AiLists
       	(ListType,											LeaderType,					System) 
VALUES 	('Nyguita Argentina Unit Biases', 					'TRAIT_NYGUITA_ARGENTINA',	'UnitBiases'),
		('Nyguita Argentina Constructibles Biases', 		'TRAIT_NYGUITA_ARGENTINA',	'ConstructibleBiases'),
		('Nyguita Argentina Pseudoyields Biases', 			'TRAIT_NYGUITA_ARGENTINA',	'PseudoYieldBiases'),
		('Nyguita Argentina Tag Biases', 					'TRAIT_NYGUITA_ARGENTINA',	'TagBiases'),
		('Nyguita Argentina Settlement Plot Evaluations', 	'TRAIT_NYGUITA_ARGENTINA',	'SettlementPlotEvaluations');

INSERT OR IGNORE INTO AiFavoredItems
		(ListType,							Item,					Value)
VALUES	('Nyguita Argentina Unit Biases',	'UNIT_NYGUITA_GAUCHO',	50),
		('Nyguita Argentina Unit Biases',	'UNIT_NYGUITA_GAUCHO_2',	50),
		('Nyguita Argentina Unit Biases',	'UNIT_NYGUITA_GAUCHO_3',	50),
		('Nyguita Argentina Unit Biases',	'UNIT_TANK',	50),
		('Nyguita Argentina Constructibles Biases',	'BUILDING_NYGUITA_SALADERO',	200),
		('Nyguita Argentina Constructibles Biases',	'BUILDING_NYGUITA_BANCO_NACION',	200),
		('Nyguita Argentina Constructibles Biases',	'WONDER_NYGUITA_PALACIO_BAROLO',	50),
		('Nyguita Argentina Constructibles Biases',	'IMPROVEMENT_FARM',	50),
		('Nyguita Argentina Constructibles Biases',	'IMPROVEMENT_PASTURE',	50),
		('Nyguita Argentina Pseudoyields Biases',	'PSEUDOYIELD_RESOURCE',	50),
		('Nyguita Argentina Pseudoyields Biases',	'PSEUDOYIELD_NEW_CITY',	25),
		('Nyguita Argentina Tag Biases',	'FOOD',	100);

INSERT OR IGNORE INTO AiFavoredItems
		(ListType,											Item,				Favored,	Value,	StringVal,				TooltipString)
VALUES	('Nyguita Argentina Settlement Plot Evaluations',	'Coastal',			0,			50,		null,					'LOC_SETTLEMENT_RECOMMENDATION_COAST'),
		('Nyguita Argentina Settlement Plot Evaluations',	'Resource Class',	null,		5,		'RESOURCECLASS_BONUS',	'LOC_SETTLEMENT_RECOMMENDATION_STRATEGIC_RESOURCES'),
		('Nyguita Argentina Settlement Plot Evaluations',	'Resource Class',	null,		5,		'RESOURCECLASS_CITY',	'LOC_SETTLEMENT_RECOMMENDATION_STRATEGIC_RESOURCES'),
		('Nyguita Argentina Settlement Plot Evaluations',	'Resource Class',	null,		5,		'RESOURCECLASS_EMPIRE',	'LOC_SETTLEMENT_RECOMMENDATION_STRATEGIC_RESOURCES'),
		('Nyguita Argentina Settlement Plot Evaluations',	'Resource Class',	null,		5,		'RESOURCECLASS_FACTORY','LOC_SETTLEMENT_RECOMMENDATION_STRATEGIC_RESOURCES');





