INSERT INTO Types 
		(Type,  Kind)
VALUES	("TOT_EVENT_NYGUITA_ARGENTINA_A",	"KIND_NARRATIVE_STORY"),
		("TOT_EVENT_NYGUITA_ARGENTINA_B",	"KIND_NARRATIVE_STORY"),
		("TOT_EVENT_NYGUITA_ARGENTINA_C",	"KIND_NARRATIVE_STORY");

INSERT INTO NarrativeStories
		(NarrativeStoryType,				Name,										Description,										Completion,										StoryTitle,										Age,				Activation,		Hidden,	RequirementSetId,						ActivationRequirementSetId,							UIActivation)
VALUES	("TOT_EVENT_NYGUITA_ARGENTINA_A",	"LOC_TOT_EVENT_NYGUITA_ARGENTINA_A_NAME",	"LOC_TOT_EVENT_NYGUITA_ARGENTINA_A_DESCRIPTION",	"LOC_TOT_EVENT_NYGUITA_ARGENTINA_A_COMPLETION",	"LOC_TOT_EVENT_NYGUITA_ARGENTINA_A_STORYTITLE",	"AGE_ANTIQUITY",	"REQUISITE",	0,		"REQSET_TOT_EVENT_NYGUITA_ARGENTINA_A",	"REQSET_TOT_EVENT_NYGUITA_ARGENTINA_A_REQUISITE",	"STANDARD"),
		("TOT_EVENT_NYGUITA_ARGENTINA_B",	"LOC_TOT_EVENT_NYGUITA_ARGENTINA_B_NAME",	"LOC_TOT_EVENT_NYGUITA_ARGENTINA_B_DESCRIPTION",	"LOC_TOT_EVENT_NYGUITA_ARGENTINA_B_COMPLETION",	null,											"AGE_ANTIQUITY",	"LINKED",		1,		"Met",									null,	"STANDARD"),
		("TOT_EVENT_NYGUITA_ARGENTINA_C",	"LOC_TOT_EVENT_NYGUITA_ARGENTINA_C_NAME",	"LOC_TOT_EVENT_NYGUITA_ARGENTINA_C_DESCRIPTION",	"LOC_TOT_EVENT_NYGUITA_ARGENTINA_C_COMPLETION",	null,											"AGE_ANTIQUITY",	"LINKED",		1,		"Met",									null,	"STANDARD");

INSERT INTO NarrativeRewards
		(NarrativeRewardType,					ModifierID)
VALUES	("TOT_EVENT_NYGUITA_ARGENTINA_B_REWARD",	"TOT_EVENT_NYGUITA_ARGENTINA_B_REWARD_MODIFIER"),
		("TOT_EVENT_NYGUITA_ARGENTINA_C_REWARD",	"TOT_EVENT_NYGUITA_ARGENTINA_C_REWARD_MODIFIER");

INSERT INTO NarrativeRewardIcons
		(NarrativeStoryType,			RewardIconType,			Negative)
VALUES	('TOT_EVENT_NYGUITA_ARGENTINA_B',	'ATTRIBUTE_ECONOMIC',	    0),
		('TOT_EVENT_NYGUITA_ARGENTINA_C',	'ATTRIBUTE_EXPANSIONIST',	0);

INSERT INTO NarrativeStory_Rewards
		(NarrativeStoryType,			NarrativeRewardType,				Activation)
VALUES	('TOT_EVENT_NYGUITA_ARGENTINA_B',	'TOT_EVENT_NYGUITA_ARGENTINA_B_REWARD',	'START'),
		('TOT_EVENT_NYGUITA_ARGENTINA_C',	'TOT_EVENT_NYGUITA_ARGENTINA_C_REWARD',	'START');

INSERT INTO NarrativeStory_TextReplacements
		(NarrativeStoryType,			NarrativeStoryTextType,		NarrativeTextReplacementType,		Priority)
VALUES	('TOT_EVENT_NYGUITA_ARGENTINA_B',	'REWARD',					'REWARD',							1),
        ('TOT_EVENT_NYGUITA_ARGENTINA_C',	'REWARD',					'REWARD',							1);

INSERT INTO NarrativeStory_Links
		(FromNarrativeStoryType,		ToNarrativeStoryType,		Priority,	Name,									Description,									Imperative)
VALUES	('TOT_EVENT_NYGUITA_ARGENTINA_A',	'TOT_EVENT_NYGUITA_ARGENTINA_B',	0,  'LOC_TOT_EVENT_NYGUITA_ARGENTINA_B_NAME',	'LOC_TOT_EVENT_NYGUITA_ARGENTINA_B_DESCRIPTION',		null),
		('TOT_EVENT_NYGUITA_ARGENTINA_A',	'TOT_EVENT_NYGUITA_ARGENTINA_C',	1,	'LOC_TOT_EVENT_NYGUITA_ARGENTINA_C_NAME',	'LOC_TOT_EVENT_NYGUITA_ARGENTINA_C_DESCRIPTION',		null);

INSERT INTO Modifiers
		(ModifierId,									ModifierType,										SubjectRequirementSetId,											Permanent)
VALUES	('TOT_EVENT_NYGUITA_ARGENTINA_B_REWARD_MODIFIER',			'TOT_EVENT_NYGUITA_ARGENTINA_B_REWARD_MODIFIER_TYPE',			null,																1),
		('TOT_EVENT_NYGUITA_ARGENTINA_C_REWARD_MODIFIER',			'TOT_EVENT_NYGUITA_ARGENTINA_C_REWARD_MODIFIER_TYPE',			null,																1);

INSERT INTO Types
		(Type,												Kind)
VALUES	('TOT_EVENT_NYGUITA_ARGENTINA_B_REWARD_MODIFIER_TYPE',		'KIND_MODIFIER'),
		('TOT_EVENT_NYGUITA_ARGENTINA_C_REWARD_MODIFIER_TYPE',		'KIND_MODIFIER');

INSERT INTO DynamicModifiers
		(ModifierType,										CollectionType,					EffectType)
VALUES	('TOT_EVENT_NYGUITA_ARGENTINA_B_REWARD_MODIFIER_TYPE',		'COLLECTION_OWNER',				'EFFECT_PLAYER_ATTRIBUTE'),
		('TOT_EVENT_NYGUITA_ARGENTINA_C_REWARD_MODIFIER_TYPE',		'COLLECTION_OWNER',		        'EFFECT_PLAYER_ATTRIBUTE');

INSERT INTO ModifierArguments
		(ModifierId,									Name,				Value)
VALUES	('TOT_EVENT_NYGUITA_ARGENTINA_B_REWARD_MODIFIER',		'AttributeType',	'ATTRIBUTE_ECONOMIC'),
		('TOT_EVENT_NYGUITA_ARGENTINA_B_REWARD_MODIFIER',	    'Amount',		    1),
		('TOT_EVENT_NYGUITA_ARGENTINA_C_REWARD_MODIFIER',		'AttributeType',	'ATTRIBUTE_EXPANSIONIST'),
		('TOT_EVENT_NYGUITA_ARGENTINA_C_REWARD_MODIFIER',	    'Amount',		    1);

INSERT INTO RequirementSets
		(RequirementSetId,									RequirementSetType)
VALUES	('REQSET_TOT_EVENT_NYGUITA_ARGENTINA_A_REQUISITE',		'REQUIREMENTSET_TEST_ALL'),
        ('REQSET_TOT_EVENT_NYGUITA_ARGENTINA_A',     			'REQUIREMENTSET_TEST_ALL');

INSERT INTO RequirementSetRequirements
		(RequirementSetId,									RequirementId)
VALUES	('REQSET_TOT_EVENT_NYGUITA_ARGENTINA_A_REQUISITE',		'REQSET_TOT_EVENT_NYGUITA_ARGENTINA_A_REQUISITE_1'),
        ('REQSET_TOT_EVENT_NYGUITA_ARGENTINA_A',		'REQSET_TOT_EVENT_NYGUITA_ARGENTINA_A_1');

INSERT INTO Requirements
		(RequirementId,										RequirementType,									ProgressWeight)
VALUES	('REQSET_TOT_EVENT_NYGUITA_ARGENTINA_A_REQUISITE_1',		'REQUIREMENT_PLAYER_CIVILIZATION_TYPE_MATCHES',	1),
        ('REQSET_TOT_EVENT_NYGUITA_ARGENTINA_A_1',		'REQUIREMENT_PLAYER_HAS_COMPLETED_PROGRESSION_TREE_NODE',	1);

INSERT INTO RequirementArguments
		(RequirementId,										Name,						Value)
VALUES	('REQSET_TOT_EVENT_NYGUITA_ARGENTINA_A_REQUISITE_1',		'CivilizationType',			'CIVILIZATION_NYGUITA_ARGENTINA'),
        ('REQSET_TOT_EVENT_NYGUITA_ARGENTINA_A_1',		'ProgressionTreeNodeType',	'NODE_CIVIC_AQ_FOUNDATION');