INSERT INTO Types 
		(Type,                           Kind) 
VALUES  ('TRADITION_NYGUITA_CAUDILLISM_I', 'KIND_TRADITION'),
		('TRADITION_NYGUITA_CAUDILLISM_II', 'KIND_TRADITION'),
		('TRADITION_NYGUITA_CONQUEST_OF_THE_DESERT_I', 'KIND_TRADITION'),
		('TRADITION_NYGUITA_CONQUEST_OF_THE_DESERT_II', 'KIND_TRADITION'),
		('TRADITION_NYGUITA_NUEVO_TANGO', 'KIND_TRADITION'),
		('TRADITION_NYGUITA_ARGENTINA_SYNCRETISM_ANTIQUITY', 'KIND_TRADITION'),
		('TRADITION_NYGUITA_ARGENTINA_SYNCRETISM_EXPLORATION', 'KIND_TRADITION');

INSERT INTO Traditions 
		(TraditionType,                                 TraitType,                 AgeType,             Name,                                                   Description,                                                    CultureSlotType,        ObsoletesTraditionType) 
VALUES  ('TRADITION_NYGUITA_CAUDILLISM_I',              'TRAIT_NYGUITA_ARGENTINA', 'AGE_ANTIQUITY',     'LOC_TRADITION_NYGUITA_CAUDILLISM_I_NAME',              'LOC_TRADITION_NYGUITA_CAUDILLISM_I_DESCRIPTION',               'TRADITION_CULTURE_SLOT',   null),
		('TRADITION_NYGUITA_CAUDILLISM_II',             'TRAIT_NYGUITA_ARGENTINA', 'AGE_MODERN',        'LOC_TRADITION_NYGUITA_CAUDILLISM_II_NAME',             'LOC_TRADITION_NYGUITA_CAUDILLISM_II_DESCRIPTION',              'TRADITION_CULTURE_SLOT',   'TRADITION_NYGUITA_CAUDILLISM_I'),
		('TRADITION_NYGUITA_CONQUEST_OF_THE_DESERT_I',  'TRAIT_NYGUITA_ARGENTINA', 'AGE_EXPLORATION',   'LOC_TRADITION_NYGUITA_CONQUEST_OF_THE_DESERT_II_NAME', 'LOC_TRADITION_NYGUITA_CONQUEST_OF_THE_DESERT_I_DESCRIPTION',   'TRADITION_CULTURE_SLOT',   null),
		('TRADITION_NYGUITA_CONQUEST_OF_THE_DESERT_II', 'TRAIT_NYGUITA_ARGENTINA', 'AGE_MODERN',        'LOC_TRADITION_NYGUITA_CONQUEST_OF_THE_DESERT_II_NAME', 'LOC_TRADITION_NYGUITA_CONQUEST_OF_THE_DESERT_II_DESCRIPTION',  'TRADITION_CULTURE_SLOT',   'TRADITION_NYGUITA_CONQUEST_OF_THE_DESERT_I'),
		('TRADITION_NYGUITA_NUEVO_TANGO',               'TRAIT_NYGUITA_ARGENTINA', 'AGE_MODERN',        'LOC_TRADITION_NYGUITA_NUEVO_TANGO_NAME',               'LOC_TRADITION_NYGUITA_NUEVO_TANGO_DESCRIPTION',                'TRADITION_CULTURE_SLOT',   null),
		('TRADITION_NYGUITA_ARGENTINA_SYNCRETISM_ANTIQUITY','TRAIT_NYGUITA_ARGENTINA', 'AGE_ANTIQUITY',        'LOC_TRADITION_NYGUITA_ARGENTINA_SYNCRETISM_ANTIQUITY_NAME',               'LOC_TRADITION_NYGUITA_ARGENTINA_SYNCRETISM_ANTIQUITY_DESCRIPTION',                'TRADITION_CULTURE_SLOT',   null),
		('TRADITION_NYGUITA_ARGENTINA_SYNCRETISM_EXPLORATION','TRAIT_NYGUITA_ARGENTINA', 'AGE_EXPLORATION',        'LOC_TRADITION_NYGUITA_ARGENTINA_SYNCRETISM_EXPLORATION_NAME',               'LOC_TRADITION_NYGUITA_ARGENTINA_SYNCRETISM_EXPLORATION_DESCRIPTION',                'TRADITION_CULTURE_SLOT',   'TRADITION_NYGUITA_ARGENTINA_SYNCRETISM_ANTIQUITY');


INSERT INTO Types 
		(Type,                                              Kind) 
VALUES  ('MOD_TRADITION_NYGUITA_CAUDILLISM_I_HAPPINESS_TYPE', 'KIND_MODIFIER'),
		('MOD_TRADITION_NYGUITA_CAUDILLISM_I_INFLUENCE_TYPE', 'KIND_MODIFIER'),
		('MOD_TRADITION_NYGUITA_CAUDILLISM_II_HAPPINESS_TYPE', 'KIND_MODIFIER'),
		('MOD_TRADITION_NYGUITA_CAUDILLISM_II_INFLUENCE_TYPE', 'KIND_MODIFIER'),
		('MOD_TRADITION_NYGUITA_CONQUEST_OF_THE_DESERT_I_COMBAT_TYPE', 'KIND_MODIFIER'),
		('ABILITY_NYGUITA_ARGENTINA_CONQUEST_OF_THE_DESERT_I', 'KIND_ABILITY'),
		('MOD_TRADITION_NYGUITA_CONQUEST_OF_THE_DESERT_II_COMBAT_TYPE', 'KIND_MODIFIER'),
		('ABILITY_NYGUITA_ARGENTINA_CONQUEST_OF_THE_DESERT_II', 'KIND_ABILITY'),
		('MOD_TRADITION_NYGUITA_NUEVO_TANGO_HAPPINESS_ON_CULTURE_BUILDING_TYPE', 'KIND_MODIFIER'),
		('MOD_TRADITION_NYGUITA_NUEVO_TANGO_CULTURE_ON_HAPPINESS_BUILDING_TYPE', 'KIND_MODIFIER'),
		('MOD_TRADITION_NYGUITA_UNLOCK_SYNCRETISM_TYPE', 'KIND_MODIFIER');

INSERT INTO DynamicModifiers 
		(ModifierType,                                      CollectionType,                   EffectType) 
VALUES  ('MOD_TRADITION_NYGUITA_CAUDILLISM_I_HAPPINESS_TYPE', 'COLLECTION_PLAYER_CAPITAL_CITY', 'EFFECT_CITY_ADJUST_YIELD_PER_COMMANDER_APPLIED_PROMOTIONS'),
		('MOD_TRADITION_NYGUITA_CAUDILLISM_I_INFLUENCE_TYPE', 'COLLECTION_PLAYER_CAPITAL_CITY', 'EFFECT_CITY_ADJUST_YIELD_PER_COMMANDER_APPLIED_PROMOTIONS'),
		('MOD_TRADITION_NYGUITA_CAUDILLISM_II_HAPPINESS_TYPE', 'COLLECTION_PLAYER_CAPITAL_CITY', 'EFFECT_CITY_ADJUST_YIELD_PER_COMMANDER_APPLIED_PROMOTIONS'),
		('MOD_TRADITION_NYGUITA_CAUDILLISM_II_INFLUENCE_TYPE', 'COLLECTION_PLAYER_CAPITAL_CITY', 'EFFECT_CITY_ADJUST_YIELD_PER_COMMANDER_APPLIED_PROMOTIONS'),
		('MOD_TRADITION_NYGUITA_CONQUEST_OF_THE_DESERT_I_COMBAT_TYPE', 'COLLECTION_PLAYER_UNITS', 'EFFECT_UNIT_ADJUST_ABILITY'),
		('MOD_TRADITION_NYGUITA_CONQUEST_OF_THE_DESERT_II_COMBAT_TYPE', 'COLLECTION_PLAYER_UNITS', 'EFFECT_UNIT_ADJUST_ABILITY'),
		('MOD_TRADITION_NYGUITA_NUEVO_TANGO_HAPPINESS_ON_CULTURE_BUILDING_TYPE', 'COLLECTION_OWNER', 'EFFECT_CITY_ADJUST_CONSTRUCTIBLE_YIELD'),
		('MOD_TRADITION_NYGUITA_NUEVO_TANGO_CULTURE_ON_HAPPINESS_BUILDING_TYPE', 'COLLECTION_OWNER', 'EFFECT_CITY_ADJUST_CONSTRUCTIBLE_YIELD'),
		('MOD_TRADITION_NYGUITA_UNLOCK_SYNCRETISM_TYPE', 'COLLECTION_OWNER', 'EFFECT_PLAYER_UNLOCK_TRADITION');

INSERT INTO Modifiers 
		(ModifierId,                                   ModifierType) 
VALUES  ('MOD_TRADITION_NYGUITA_CAUDILLISM_I_HAPPINESS', 'MOD_TRADITION_NYGUITA_CAUDILLISM_I_HAPPINESS_TYPE'),
		('MOD_TRADITION_NYGUITA_CAUDILLISM_I_INFLUENCE', 'MOD_TRADITION_NYGUITA_CAUDILLISM_I_INFLUENCE_TYPE'),
		('MOD_TRADITION_NYGUITA_CAUDILLISM_II_HAPPINESS', 'MOD_TRADITION_NYGUITA_CAUDILLISM_II_HAPPINESS_TYPE'),
		('MOD_TRADITION_NYGUITA_CAUDILLISM_II_INFLUENCE', 'MOD_TRADITION_NYGUITA_CAUDILLISM_II_INFLUENCE_TYPE'),
		('MOD_TRADITION_NYGUITA_CONQUEST_OF_THE_DESERT_I_COMBAT', 'MOD_TRADITION_NYGUITA_CONQUEST_OF_THE_DESERT_I_COMBAT_TYPE'),
		('MOD_TRADITION_NYGUITA_CONQUEST_OF_THE_DESERT_II_COMBAT', 'MOD_TRADITION_NYGUITA_CONQUEST_OF_THE_DESERT_II_COMBAT_TYPE'),
		('MOD_TRADITION_NYGUITA_NUEVO_TANGO_HAPPINESS_ON_CULTURE_BUILDING', 'MOD_TRADITION_NYGUITA_NUEVO_TANGO_HAPPINESS_ON_CULTURE_BUILDING_TYPE'),
		('MOD_TRADITION_NYGUITA_NUEVO_TANGO_CULTURE_ON_HAPPINESS_BUILDING', 'MOD_TRADITION_NYGUITA_NUEVO_TANGO_CULTURE_ON_HAPPINESS_BUILDING_TYPE'),
		('MOD_UNLOCK_NYGUITA_ARGENTINA_SYNCRETISM_ANTIQUITY', 'MOD_TRADITION_NYGUITA_UNLOCK_SYNCRETISM_TYPE'),
		('MOD_UNLOCK_NYGUITA_ARGENTINA_SYNCRETISM_EXPLORATION', 'MOD_TRADITION_NYGUITA_UNLOCK_SYNCRETISM_TYPE');

INSERT INTO ModifierArguments 
		(ModifierId,                                   Name,        Value) 
VALUES  ('MOD_TRADITION_NYGUITA_CAUDILLISM_I_HAPPINESS', 'YieldType', 'YIELD_HAPPINESS'),
		('MOD_TRADITION_NYGUITA_CAUDILLISM_I_HAPPINESS', 'Amount', '1'),
		('MOD_TRADITION_NYGUITA_CAUDILLISM_I_INFLUENCE', 'Amount', '1'),
		('MOD_TRADITION_NYGUITA_CAUDILLISM_I_INFLUENCE', 'YieldType', 'YIELD_DIPLOMACY'),
		('MOD_TRADITION_NYGUITA_CAUDILLISM_II_HAPPINESS', 'YieldType', 'YIELD_HAPPINESS'),
		('MOD_TRADITION_NYGUITA_CAUDILLISM_II_HAPPINESS', 'Amount', '2'),
		('MOD_TRADITION_NYGUITA_CAUDILLISM_II_INFLUENCE', 'Amount', '2'),
		('MOD_TRADITION_NYGUITA_CAUDILLISM_II_INFLUENCE', 'YieldType', 'YIELD_DIPLOMACY'),
		('MOD_TRADITION_NYGUITA_CONQUEST_OF_THE_DESERT_I_COMBAT', 'AbilityType', 'ABILITY_NYGUITA_ARGENTINA_CONQUEST_OF_THE_DESERT_I'),
		('MOD_TRADITION_NYGUITA_CONQUEST_OF_THE_DESERT_II_COMBAT', 'AbilityType', 'ABILITY_NYGUITA_ARGENTINA_CONQUEST_OF_THE_DESERT_II'),
		('MOD_TRADITION_NYGUITA_NUEVO_TANGO_HAPPINESS_ON_CULTURE_BUILDING', 'Amount', '3'),
		('MOD_TRADITION_NYGUITA_NUEVO_TANGO_HAPPINESS_ON_CULTURE_BUILDING', 'Tag', 'CULTURE'),
		('MOD_TRADITION_NYGUITA_NUEVO_TANGO_HAPPINESS_ON_CULTURE_BUILDING', 'YieldType', 'YIELD_HAPPINESS'),
		('MOD_TRADITION_NYGUITA_NUEVO_TANGO_CULTURE_ON_HAPPINESS_BUILDING', 'Amount', '3'),
		('MOD_TRADITION_NYGUITA_NUEVO_TANGO_CULTURE_ON_HAPPINESS_BUILDING', 'Tag', 'HAPPINESS'),
		('MOD_TRADITION_NYGUITA_NUEVO_TANGO_CULTURE_ON_HAPPINESS_BUILDING', 'YieldType', 'YIELD_CULTURE'),
		('MOD_UNLOCK_NYGUITA_ARGENTINA_SYNCRETISM_ANTIQUITY', 'Tradition', 'TRADITION_NYGUITA_ARGENTINA_SYNCRETISM_ANTIQUITY'),
		('MOD_UNLOCK_NYGUITA_ARGENTINA_SYNCRETISM_EXPLORATION', 'Tradition', 'TRADITION_NYGUITA_ARGENTINA_SYNCRETISM_EXPLORATION');

INSERT INTO TraditionModifiers 
		(ModifierId,                                   TraditionType) 
VALUES  ('MOD_TRADITION_NYGUITA_CAUDILLISM_I_HAPPINESS', 'TRADITION_NYGUITA_CAUDILLISM_I'),
		('MOD_TRADITION_NYGUITA_CAUDILLISM_I_INFLUENCE', 'TRADITION_NYGUITA_CAUDILLISM_I'),
		('MOD_TRADITION_NYGUITA_CAUDILLISM_II_HAPPINESS', 'TRADITION_NYGUITA_CAUDILLISM_II'),
		('MOD_TRADITION_NYGUITA_CAUDILLISM_II_INFLUENCE', 'TRADITION_NYGUITA_CAUDILLISM_II'),
		('MOD_TRADITION_NYGUITA_CONQUEST_OF_THE_DESERT_I_COMBAT', 'TRADITION_NYGUITA_CONQUEST_OF_THE_DESERT_I'),
		('MOD_TRADITION_NYGUITA_CONQUEST_OF_THE_DESERT_II_COMBAT', 'TRADITION_NYGUITA_CONQUEST_OF_THE_DESERT_II'),
		('MOD_TRADITION_NYGUITA_NUEVO_TANGO_HAPPINESS_ON_CULTURE_BUILDING', 'TRADITION_NYGUITA_NUEVO_TANGO'),
		('MOD_TRADITION_NYGUITA_NUEVO_TANGO_CULTURE_ON_HAPPINESS_BUILDING', 'TRADITION_NYGUITA_NUEVO_TANGO'),
		('MOD_NYGUITA_PAYADOR_AQ', 'TRADITION_NYGUITA_ARGENTINA_SYNCRETISM_ANTIQUITY'),
		('MOD_NYGUITA_PAYADOR_EX', 'TRADITION_NYGUITA_ARGENTINA_SYNCRETISM_EXPLORATION'),
		('MOD_NYGUITA_GAUCHESCO_EX', 'TRADITION_NYGUITA_ARGENTINA_SYNCRETISM_EXPLORATION');



INSERT INTO ModifierStrings 
		(ModifierId,                                            Context,       Text) 
VALUES  ('MOD_TRADITION_NYGUITA_CONQUEST_OF_THE_DESERT_I_COMBAT', 'Description', 'LOC_MOD_TRADITION_NYGUITA_CONQUEST_OF_THE_DESERT_I_COMBAT_DESCRIPTION'),
		('MOD_TRADITION_NYGUITA_CONQUEST_OF_THE_DESERT_II_COMBAT', 'Description', 'LOC_MOD_TRADITION_NYGUITA_CONQUEST_OF_THE_DESERT_II_COMBAT_DESCRIPTION'),
		('MOD_TRADITION_NYGUITA_NUEVO_TANGO_HAPPINESS_ON_CULTURE_BUILDING', 'Description', 'LOC_MOD_TRADITION_NYGUITA_NUEVO_TANGO_HAPPINESS_ON_CULTURE_BUILDING_DESCRIPTION'),
		('MOD_TRADITION_NYGUITA_NUEVO_TANGO_CULTURE_ON_HAPPINESS_BUILDING', 'Description', 'LOC_MOD_TRADITION_NYGUITA_NUEVO_TANGO_CULTURE_ON_HAPPINESS_BUILDING_DESCRIPTION');

INSERT INTO UnitAbilities
	   (UnitAbilityType, Inactive, Description)
VALUES  ('ABILITY_NYGUITA_ARGENTINA_CONQUEST_OF_THE_DESERT_I', 'true', 'LOC_TRADITION_NYGUITA_CONQUEST_OF_THE_DESERT_I_DESCRIPTION'),
		('ABILITY_NYGUITA_ARGENTINA_CONQUEST_OF_THE_DESERT_II', 'true', 'LOC_TRADITION_NYGUITA_CONQUEST_OF_THE_DESERT_II_DESCRIPTION');

INSERT INTO UnitAbilityModifiers
	   (UnitAbilityType, ModifierId)
VALUES ('ABILITY_NYGUITA_ARGENTINA_CONQUEST_OF_THE_DESERT_I', 'INDEPENDENT_COMBAT_MINOR_MOD_NYGUITA_CONQUEST_OF_THE_DESERT_I_ADJUST_UNIT_COMBAT_STRENGTH_MODIFIER'),
		('ABILITY_NYGUITA_ARGENTINA_CONQUEST_OF_THE_DESERT_II', 'INDEPENDENT_COMBAT_MINOR_MOD_NYGUITA_CONQUEST_OF_THE_DESERT_II_ADJUST_UNIT_COMBAT_STRENGTH_MODIFIER');

INSERT INTO RequirementSets 
	   (RequirementSetId,                                       RequirementSetType) 
VALUES ('REQSET_NYGUITA_CONQUEST_OF_THE_DESERT_II_IND_SUBJECT', 'REQUIREMENTSET_TEST_ALL');

INSERT INTO Requirements 
	   (RequirementId,                                         RequirementType) 
VALUES ('REQ_NYGUITA_CONQUEST_OF_THE_DESERT_II_IND_SUBJECT_0', 'REQUIREMENT_OPPONENT_IS_INDEPENDENT');

INSERT INTO RequirementSetRequirements 
	   (RequirementId,                                         RequirementSetId) 
VALUES ('REQ_NYGUITA_CONQUEST_OF_THE_DESERT_II_IND_SUBJECT_0', 'REQSET_NYGUITA_CONQUEST_OF_THE_DESERT_II_IND_SUBJECT');

INSERT INTO Types 
	   (Type,                                         Kind) 
VALUES ('INDEPENDENT_COMBAT_MINOR_MOD_NYGUITA_CONQUEST_OF_THE_DESERT_I_ADJUST_UNIT_COMBAT_STRENGTH_MODIFIER_TYPE', 'KIND_MODIFIER'),
		('INDEPENDENT_COMBAT_MINOR_MOD_NYGUITA_CONQUEST_OF_THE_DESERT_II_ADJUST_UNIT_COMBAT_STRENGTH_MODIFIER_TYPE', 'KIND_MODIFIER');

INSERT INTO DynamicModifiers 
	   (ModifierType,                                 CollectionType,           EffectType) 
VALUES ('INDEPENDENT_COMBAT_MINOR_MOD_NYGUITA_CONQUEST_OF_THE_DESERT_I_ADJUST_UNIT_COMBAT_STRENGTH_MODIFIER_TYPE', 'COLLECTION_UNIT_COMBAT', 'EFFECT_ADJUST_UNIT_STRENGTH_MODIFIER'),
		('INDEPENDENT_COMBAT_MINOR_MOD_NYGUITA_CONQUEST_OF_THE_DESERT_II_ADJUST_UNIT_COMBAT_STRENGTH_MODIFIER_TYPE', 'COLLECTION_UNIT_COMBAT', 'EFFECT_ADJUST_UNIT_STRENGTH_MODIFIER');

INSERT INTO Modifiers 
	   (ModifierId,                              ModifierType,                                 SubjectRequirementSetId) 
VALUES ('INDEPENDENT_COMBAT_MINOR_MOD_NYGUITA_CONQUEST_OF_THE_DESERT_II_ADJUST_UNIT_COMBAT_STRENGTH_MODIFIER', 'INDEPENDENT_COMBAT_MINOR_MOD_NYGUITA_CONQUEST_OF_THE_DESERT_II_ADJUST_UNIT_COMBAT_STRENGTH_MODIFIER_TYPE', 'REQSET_NYGUITA_CONQUEST_OF_THE_DESERT_II_IND_SUBJECT'),
		('INDEPENDENT_COMBAT_MINOR_MOD_NYGUITA_CONQUEST_OF_THE_DESERT_I_ADJUST_UNIT_COMBAT_STRENGTH_MODIFIER', 'INDEPENDENT_COMBAT_MINOR_MOD_NYGUITA_CONQUEST_OF_THE_DESERT_I_ADJUST_UNIT_COMBAT_STRENGTH_MODIFIER_TYPE', 'REQSET_NYGUITA_CONQUEST_OF_THE_DESERT_II_IND_SUBJECT');

INSERT INTO ModifierArguments 
	   (ModifierId,                              Name,     Value) 
VALUES ('INDEPENDENT_COMBAT_MINOR_MOD_NYGUITA_CONQUEST_OF_THE_DESERT_II_ADJUST_UNIT_COMBAT_STRENGTH_MODIFIER', 'Amount', '5'),
		('INDEPENDENT_COMBAT_MINOR_MOD_NYGUITA_CONQUEST_OF_THE_DESERT_I_ADJUST_UNIT_COMBAT_STRENGTH_MODIFIER', 'Amount', '3');

INSERT INTO ModifierStrings 
	   (ModifierId,                              Context,   Text) 
VALUES ('INDEPENDENT_COMBAT_MINOR_MOD_NYGUITA_CONQUEST_OF_THE_DESERT_II_ADJUST_UNIT_COMBAT_STRENGTH_MODIFIER', 'Preview', 'LOC_NYGUITA_CONQUEST_OF_THE_DESERT_II_ABILITY_PREVIEW'),
		('INDEPENDENT_COMBAT_MINOR_MOD_NYGUITA_CONQUEST_OF_THE_DESERT_I_ADJUST_UNIT_COMBAT_STRENGTH_MODIFIER', 'Preview', 'LOC_NYGUITA_CONQUEST_OF_THE_DESERT_I_ABILITY_PREVIEW');


-- MOD_NYGUITA_PAYADOR
INSERT INTO Types 
       (Type,                     Kind) 
VALUES ('ABILITY_NYGUITA_GAUCHO_HAPPINESS_AQ', 'KIND_ABILITY'),
		('ABILITY_NYGUITA_GAUCHO_HAPPINESS_EX', 'KIND_ABILITY'),
		('ABILITY_NYGUITA_GAUCHO_CULTURE_EX', 'KIND_ABILITY'),
       ('NYGUITA_GAUCHO_MOD_HAPPINESS_ON_FARM_TYPE', 'KIND_MODIFIER'),
       ('MOD_NYGUITA_PAYADOR_TYPE', 'KIND_MODIFIER');

INSERT INTO UnitAbilities 
       (UnitAbilityType,          Description,                              Name, Inactive) 
VALUES ('ABILITY_NYGUITA_GAUCHO_HAPPINESS_AQ', 'LOC_ABILITY_NYGUITA_GAUCHO_HAPPINESS_AQ_DESCRIPTION', 'LOC_ABILITY_NYGUITA_GAUCHO_HAPPINESS_AQ_NAME', 1),
		('ABILITY_NYGUITA_GAUCHO_HAPPINESS_EX', 'LOC_ABILITY_NYGUITA_GAUCHO_HAPPINESS_EX_DESCRIPTION', 'LOC_ABILITY_NYGUITA_GAUCHO_HAPPINESS_EX_NAME', 1),
		('ABILITY_NYGUITA_GAUCHO_CULTURE_EX', 'LOC_ABILITY_NYGUITA_GAUCHO_CULTURE_EX_DESCRIPTION', 'LOC_ABILITY_NYGUITA_GAUCHO_CULTURE_EX_NAME', 1);

INSERT INTO UnitAbilityModifiers
	(UnitAbilityType,								ModifierId)
VALUES	('ABILITY_NYGUITA_GAUCHO_HAPPINESS_AQ',		'ABILITY_NYGUITA_GAUCHO_HAPPINESS_AQ_MOD'),
		('ABILITY_NYGUITA_GAUCHO_HAPPINESS_EX',		'ABILITY_NYGUITA_GAUCHO_HAPPINESS_EX_MOD'),
		('ABILITY_NYGUITA_GAUCHO_CULTURE_EX',		'ABILITY_NYGUITA_GAUCHO_CULTURE_EX_MOD');

INSERT OR IGNORE INTO UnitClass_Abilities 
       (UnitAbilityType,          UnitClassType) 
VALUES ('ABILITY_NYGUITA_GAUCHO_HAPPINESS_AQ', 'UNIT_CLASS_CAVALRY'),
		('ABILITY_NYGUITA_GAUCHO_HAPPINESS_EX', 'UNIT_CLASS_CAVALRY'),
		('ABILITY_NYGUITA_GAUCHO_CULTURE_EX', 'UNIT_CLASS_CAVALRY');

INSERT INTO Modifiers
	(ModifierId,						ModifierType,							SubjectRequirementSetId)
VALUES	('ABILITY_NYGUITA_GAUCHO_HAPPINESS_AQ_MOD',		'NYGUITA_GAUCHO_MOD_HAPPINESS_ON_FARM_TYPE', 		'REQSET_MOD_NYGUITA_PAYADOR'),
		('ABILITY_NYGUITA_GAUCHO_HAPPINESS_EX_MOD',		'NYGUITA_GAUCHO_MOD_HAPPINESS_ON_FARM_TYPE', 		'REQSET_MOD_NYGUITA_PAYADOR'),
		('ABILITY_NYGUITA_GAUCHO_CULTURE_EX_MOD',		'NYGUITA_GAUCHO_MOD_HAPPINESS_ON_FARM_TYPE', 		'REQSET_MOD_NYGUITA_PAYADOR');

INSERT INTO DynamicModifiers 
       (ModifierType,                         CollectionType,     EffectType) 
VALUES ('MOD_NYGUITA_PAYADOR_TYPE', 'COLLECTION_PLAYER_UNITS', 'EFFECT_UNIT_ADJUST_ABILITY'),
       ('NYGUITA_GAUCHO_MOD_HAPPINESS_ON_FARM_TYPE', 'COLLECTION_PLAYER_PLOT_YIELDS', 'EFFECT_PLOT_ADJUST_YIELD');

INSERT INTO Modifiers 
       (ModifierId,                      ModifierType,  SubjectRequirementSetID) 
VALUES ('MOD_NYGUITA_PAYADOR_AQ', 'MOD_NYGUITA_PAYADOR_TYPE', 'REQSET_MOD_NYGUITA_IS_GAUCHO'),
		('MOD_NYGUITA_PAYADOR_EX', 'MOD_NYGUITA_PAYADOR_TYPE', 'REQSET_MOD_NYGUITA_IS_GAUCHO'),
		('MOD_NYGUITA_GAUCHESCO_EX', 'MOD_NYGUITA_PAYADOR_TYPE', 'REQSET_MOD_NYGUITA_IS_GAUCHO');

INSERT INTO ModifierArguments 
       (ModifierId,                      Name,        Value) 
VALUES ('ABILITY_NYGUITA_GAUCHO_HAPPINESS_AQ_MOD', 'Amount', '2'),
       ('ABILITY_NYGUITA_GAUCHO_HAPPINESS_AQ_MOD', 'YieldType', 'YIELD_HAPPINESS'),
       ('MOD_NYGUITA_PAYADOR_AQ', 'AbilityType', 'ABILITY_NYGUITA_GAUCHO_HAPPINESS_AQ'),
	   ('ABILITY_NYGUITA_GAUCHO_HAPPINESS_EX_MOD', 'Amount', '2'),
       ('ABILITY_NYGUITA_GAUCHO_HAPPINESS_EX_MOD', 'YieldType', 'YIELD_HAPPINESS'),
       ('MOD_NYGUITA_PAYADOR_EX', 'AbilityType', 'ABILITY_NYGUITA_GAUCHO_HAPPINESS_AQ'),
	   ('ABILITY_NYGUITA_GAUCHO_CULTURE_EX_MOD', 'Amount', '2'),
       ('ABILITY_NYGUITA_GAUCHO_CULTURE_EX_MOD', 'YieldType', 'YIELD_HAPPINESS'),
       ('MOD_NYGUITA_GAUCHESCO_EX', 'AbilityType', 'ABILITY_NYGUITA_GAUCHO_HAPPINESS_AQ');

INSERT INTO ModifierStrings 
       (ModifierId,              Context,       Text) 
VALUES ('MOD_NYGUITA_PAYADOR_AQ', 'Description', 'LOC_MOD_NYGUITA_PAYADOR_DESCRIPTION');

INSERT INTO RequirementSets
	(RequirementSetId,			RequirementSetType)
VALUES	('REQSET_MOD_NYGUITA_PAYADOR',     'REQUIREMENTSET_TEST_ALL'),
       ('REQSET_MOD_NYGUITA_IS_GAUCHO',     'REQUIREMENTSET_TEST_ALL');

INSERT INTO RequirementSetRequirements
	(RequirementSetId,			       RequirementId)
VALUES	('REQSET_MOD_NYGUITA_PAYADOR',		'REQSET_MOD_NYGUITA_PAYADOR_1'),
	('REQSET_MOD_NYGUITA_PAYADOR',		'REQSET_MOD_NYGUITA_PAYADOR_2'),
       ('REQSET_MOD_NYGUITA_IS_GAUCHO',		'REQSET_MOD_NYGUITA_IS_GAUCHO_1');

INSERT INTO Requirements
	(RequirementId,	              RequirementType,			ProgressWeight,	inverse)
VALUES	('REQSET_MOD_NYGUITA_PAYADOR_1',	'REQUIREMENT_PLOT_HAS_CONSTRUCTIBLE',	1,	0),
	('REQSET_MOD_NYGUITA_PAYADOR_2',	'REQUIREMENT_PLOT_ADJACENT_TO_OWNER',	1,	0),
	('REQSET_MOD_NYGUITA_IS_GAUCHO_1',	'REQUIREMENT_UNIT_TAG_MATCHES',	1,	0);

INSERT INTO RequirementArguments
	(RequirementId,				Name,			Value)
VALUES	('REQSET_MOD_NYGUITA_PAYADOR_1',		'ConstructibleType',	'IMPROVEMENT_FARM'),
       ('REQSET_MOD_NYGUITA_PAYADOR_2',		'MaxDistance',	'0'),
       ('REQSET_MOD_NYGUITA_PAYADOR_2',		'MinDistance',	'0'),
       ('REQSET_MOD_NYGUITA_IS_GAUCHO_1',		'Tag',	'UNIT_CLASS_CAVALRY');

